{"accuracy": [0.24341580271720886, 0.5625, 0.5829209685325623, 0.71875, 0.722426176071167, 0.875, 0.7789305448532104, 0.84375, 0.8126097321510315, 0.875, 0.8271348476409912, 0.90625], "loss": [2.588130235671997, 1.357672095298767, 1.3227540254592896, 1.0034129619598389, 0.8720758557319641, 0.5980676412582397, 0.6828324794769287, 0.3782120645046234, 0.5777941942214966, 0.4295555651187897, 0.5330854058265686, 0.2499074637889862], "val_accuracy": [0.06707317382097244, 0.12903225421905518, 0.1257621943950653, 0.09677419066429138, 0.47560974955558777, 0.4193548262119293, 0.8307926654815674, 1.0, 0.8993902206420898, 0.8709677457809448, 0.9047256112098694, 0.8387096524238586], "val_loss": [4.543339729309082, 3.766691207885742, 3.3847219944000244, 3.2383229732513428, 1.5985572338104248, 1.5915342569351196, 0.5177866816520691, 0.15187780559062958, 0.304794579744339, 0.20174838602542877, 0.28640758991241455, 0.4986230134963989]}